id,title,artist_id,cover_url,created_at
0007c7a8-21be-4ab6-af27-4f56b153088b,Freudian,20f0ae19-ccf5-4d22-b2a6-50e2a0898af6,https://nqhypbfhiqbriyiqxmml.supabase.co/storage/v1/object/public/covers/danielcaesar/danielc2.jpg,2025-05-12 20:32:28.824087
037c3a0c-d1d3-4fa7-b11b-e05d33700a11,death bed (coffee for your head),214bcc60-fcd3-4cb3-91db-fa24e335d406,https://nqhypbfhiqbriyiqxmml.supabase.co/storage/v1/object/public/covers/beabadoobee/badobe3.jpg,2025-05-19 17:47:17.848304
03a640f8-fc2b-4e2e-9101-d6c852b7e6df,PHASES,d4eda531-97f8-4371-b897-1f1f7ce8e8c2,https://nqhypbfhiqbriyiqxmml.supabase.co/storage/v1/object/public/covers/chaseatlantic/chasea4.jpg,2025-05-19 17:47:17.848304
0addeedc-cd2d-4d22-9f67-db8a5edb18bf,Dark Red,b0408f9d-18cf-408c-a0fe-35738ed7106f,https://nqhypbfhiqbriyiqxmml.supabase.co/storage/v1/object/public/covers/stevelacy/stevel2.jpg,2025-05-15 19:36:05.613903
0c3216f2-691a-4f2c-a40c-cee0ae0ec7dc,Lady Lady,5c5c5c8b-2b70-4695-87ff-ccbd8f4849db,https://nqhypbfhiqbriyiqxmml.supabase.co/storage/v1/object/public/covers/fkj/fkj2.jpg,2025-05-19 17:47:17.848304
1748fdde-83f9-4e1a-b686-965ac84015f5,Journals,5e177053-f8df-4437-a841-228b5c076327,https://nqhypbfhiqbriyiqxmml.supabase.co/storage/v1/object/public/covers/justinbieber/justinb3.jpg,2025-05-19 17:47:17.848304
2583e8ed-ae4b-4834-a0d2-b187d4f27f17,The Shave Experiment (Director’s Cut),6039fbe4-a16c-44f7-ba31-3b7f926e770d,https://nqhypbfhiqbriyiqxmml.supabase.co/storage/v1/object/public/covers/q/q2.jpg,2025-05-15 17:45:46.542714
294caf64-d045-416b-b3c5-c4c196eb9150,Magic 8ball,760110db-e927-4b54-b542-ee05655283cc,https://nqhypbfhiqbriyiqxmml.supabase.co/storage/v1/object/public/covers/macayres/maca2.jpg,2025-05-19 17:47:17.848304
298c2039-84ce-493f-aa20-7b9bdd31a0d3,Made In The A.M.,7d9f7c77-192e-4582-8348-a5badba8fe90,https://nqhypbfhiqbriyiqxmml.supabase.co/storage/v1/object/public/covers/onedirection/1D.4.jpg,2025-05-19 17:47:17.848304
2c002bf3-866a-40b9-bf0a-f9b51485d193,Biking,9abceb2d-164e-4ef1-b610-d1e43054a2b9,https://nqhypbfhiqbriyiqxmml.supabase.co/storage/v1/object/public/covers/frankocean/frankocean6.jpg,2025-05-12 19:20:01.902886
2c94e1c5-b562-41ac-974e-6ca6bb1b177f,Please Me,c3b0a101-f7a0-45d0-beb0-84fdc53db36e,https://nqhypbfhiqbriyiqxmml.supabase.co/storage/v1/object/public/covers/brunomars/bruninho7.jpg,2025-05-19 17:47:17.848304
2d5fcffd-7871-4417-a482-196a090f4bc4,FOUR,7d9f7c77-192e-4582-8348-a5badba8fe90,https://nqhypbfhiqbriyiqxmml.supabase.co/storage/v1/object/public/covers/onedirection/1D.3.jpg,2025-05-19 17:47:17.848304
2f844e30-cf08-439e-94cf-3c66ce83d127,French Kiwi Juice,5c5c5c8b-2b70-4695-87ff-ccbd8f4849db,https://nqhypbfhiqbriyiqxmml.supabase.co/storage/v1/object/public/covers/fkj/fkj5.jpg,2025-05-19 17:47:17.848304
304e3c20-097b-49f1-8493-7a31dbf3d26f,Yours Truly,64f2ea07-12ef-4391-8452-4fa9f0cd52f8,https://nqhypbfhiqbriyiqxmml.supabase.co/storage/v1/object/public/covers/arianagrande/arig8.jpg,2025-05-19 17:47:17.848304
3539e84d-911b-4a28-b852-f0045e06e1ac,NewJeans 1st EP 'New Jeans',b061e15e-b823-4349-8144-d3bc0e67ba72,https://nqhypbfhiqbriyiqxmml.supabase.co/storage/v1/object/public/covers/newjeans/newjeans6.jpg,2025-05-12 17:32:19.838805
39b25486-4b64-4fd7-a418-a66bb4029e5a,Positions,64f2ea07-12ef-4391-8452-4fa9f0cd52f8,https://nqhypbfhiqbriyiqxmml.supabase.co/storage/v1/object/public/covers/arianagrande/arig6.jpg,2025-05-19 17:47:17.848304
427eac9b-0f73-4544-bd4e-16f4c9bb9bd4,Ditto,b061e15e-b823-4349-8144-d3bc0e67ba72,https://nqhypbfhiqbriyiqxmml.supabase.co/storage/v1/object/public/covers/newjeans/NewJeans3.png,2025-05-12 17:20:49.283625
44d4ced2-a4b0-451e-bf41-179b00a6f7ef,Apollo XXI,b0408f9d-18cf-408c-a0fe-35738ed7106f,https://nqhypbfhiqbriyiqxmml.supabase.co/storage/v1/object/public/covers/stevelacy/stevel4.jpg,2025-05-15 19:36:05.613903
480bdaf3-1db9-4a39-bce6-cda992723246,channel ORANGE,9abceb2d-164e-4ef1-b610-d1e43054a2b9,https://nqhypbfhiqbriyiqxmml.supabase.co/storage/v1/object/public/covers/frankocean/frankocean3.jpg,2025-05-12 19:20:01.902886
49ce88ca-462b-4936-b87d-44416b7d3b31,Unorthodox Jukebox,c3b0a101-f7a0-45d0-beb0-84fdc53db36e,https://nqhypbfhiqbriyiqxmml.supabase.co/storage/v1/object/public/covers/brunomars/bruninho3.jpg,2025-05-19 17:47:17.848304
4a15dded-fb54-434f-8a37-731aee668c19,Chase Atlantic,d4eda531-97f8-4371-b897-1f1f7ce8e8c2,https://nqhypbfhiqbriyiqxmml.supabase.co/storage/v1/object/public/covers/chaseatlantic/chasea2.jpg,2025-05-19 17:47:17.848304
4af7317d-6ae2-4558-afee-9ded021d1c62,C U Girl,b0408f9d-18cf-408c-a0fe-35738ed7106f,https://nqhypbfhiqbriyiqxmml.supabase.co/storage/v1/object/public/covers/stevelacy/stevel5.jpg,2025-05-15 19:36:05.613903
4d26e5f2-9e6a-4077-b974-129db4d80578,TIMELESS,101ce277-d1bb-4a9c-86d4-909352c7e449,https://nqhypbfhiqbriyiqxmml.supabase.co/storage/v1/object/public/covers/kaytranada/kaytras6.jpg,2025-05-15 19:29:36.083896
53284533-0d5b-4e70-bc26-909970311dd8,Who Hurt You?,20f0ae19-ccf5-4d22-b2a6-50e2a0898af6,https://nqhypbfhiqbriyiqxmml.supabase.co/storage/v1/object/public/covers/danielcaesar/danielc5.jpg,2025-05-12 20:32:28.824087
5bd7318d-b6c5-4551-a739-a5d2aa722249,GNX,968599f9-7b9f-4204-9fac-9ddfecb047fc,https://nqhypbfhiqbriyiqxmml.supabase.co/storage/v1/object/public/covers/kendricklamar/kendrickl3.jpg,2025-05-19 17:47:17.848304
5cb05079-1c5b-4546-ac8b-c0006aa8088c,Ctrl,77a0626c-c1fa-4fc1-85fe-169cde4debc5,https://nqhypbfhiqbriyiqxmml.supabase.co/storage/v1/object/public/covers/sza/sza5.jpg,2025-05-15 19:52:09.022241
60ba471e-465d-41ee-b9dd-f8e98103bd99,10 songs,6039fbe4-a16c-44f7-ba31-3b7f926e770d,https://nqhypbfhiqbriyiqxmml.supabase.co/storage/v1/object/public/covers/q/q6.jpg,2025-05-15 17:45:46.542714
615c7dc8-2007-4080-a5f6-a0482540fd71,Die With A Smile,c3b0a101-f7a0-45d0-beb0-84fdc53db36e,https://nqhypbfhiqbriyiqxmml.supabase.co/storage/v1/object/public/covers/brunomars/bruninho2.jpg,2025-05-19 17:47:17.848304
6220c0bf-5838-4860-b5e6-09385b7bb642,Ylang Ylang,5c5c5c8b-2b70-4695-87ff-ccbd8f4849db,https://nqhypbfhiqbriyiqxmml.supabase.co/storage/v1/object/public/covers/fkj/fkj3.jpg,2025-05-19 17:47:17.848304
662888c1-6976-4aa6-9b76-5609c29442fd,CHROMAKOPIA,8df54e85-c786-48b3-b6ce-d8a8fb5762e3,https://nqhypbfhiqbriyiqxmml.supabase.co/storage/v1/object/public/covers/tylerthecreator/tylertc1.jpg,2025-05-12 20:01:10.311435
683cef37-81f1-4e28-b1a3-3e066138f7ee,Paradise,d4eda531-97f8-4371-b897-1f1f7ce8e8c2,https://nqhypbfhiqbriyiqxmml.supabase.co/storage/v1/object/public/covers/chaseatlantic/chasea7.jpg,2025-05-19 17:47:17.848304
693ad5f3-c31e-4a91-8de4-ed4e5ce7cef1,Get You - Single,20f0ae19-ccf5-4d22-b2a6-50e2a0898af6,https://nqhypbfhiqbriyiqxmml.supabase.co/storage/v1/object/public/covers/danielcaesar/danielc4.jpg,2025-05-16 19:00:40.086535
74e1d906-a7b0-4f2f-a4ea-7efef5b3993f,"Soul,PRESENT",6039fbe4-a16c-44f7-ba31-3b7f926e770d,https://nqhypbfhiqbriyiqxmml.supabase.co/storage/v1/object/public/covers/q/q3.jpg,2025-05-15 17:45:46.542714
74f4fa33-5803-40db-85cc-e124f2aef54e,Patched Up,214bcc60-fcd3-4cb3-91db-fa24e335d406,https://nqhypbfhiqbriyiqxmml.supabase.co/storage/v1/object/public/covers/beabadoobee/badobe5.jpg,2025-05-19 17:47:17.848304
7860ca3f-5d06-49b3-879c-a2322871a8e3,Beatopia,214bcc60-fcd3-4cb3-91db-fa24e335d406,https://nqhypbfhiqbriyiqxmml.supabase.co/storage/v1/object/public/covers/beabadoobee/badobe2.jpg,2025-05-19 17:47:17.848304
7a559669-473f-41dd-be8d-8a8568bbd045,Midnight Memories,7d9f7c77-192e-4582-8348-a5badba8fe90,https://nqhypbfhiqbriyiqxmml.supabase.co/storage/v1/object/public/covers/onedirection/1D.2.jpg,2025-05-19 17:47:17.848304
7a8bc690-d0c7-4b77-a655-efc3056b6ef0,Purpose,5e177053-f8df-4437-a841-228b5c076327,https://nqhypbfhiqbriyiqxmml.supabase.co/storage/v1/object/public/covers/justinbieber/justinb2.jpg,2025-05-19 17:47:17.848304
7b31c224-c36a-4e26-8e9a-a09ee37c7e43,Intimidated,101ce277-d1bb-4a9c-86d4-909352c7e449,https://nqhypbfhiqbriyiqxmml.supabase.co/storage/v1/object/public/covers/kaytranada/kaytras2.jpg,2025-05-15 19:29:36.083896
8075d25e-1bb0-4746-8c27-70e6060bf879,Losing My Way,5c5c5c8b-2b70-4695-87ff-ccbd8f4849db,https://nqhypbfhiqbriyiqxmml.supabase.co/storage/v1/object/public/covers/fkj/fkj6.jpg,2025-05-19 17:47:17.848304
8084b225-2c42-403c-b961-20d8bb6878e5,The Lo-Fis,b0408f9d-18cf-408c-a0fe-35738ed7106f,https://nqhypbfhiqbriyiqxmml.supabase.co/storage/v1/object/public/covers/stevelacy/stevel6.jpg,2025-05-15 19:36:05.613903
82882253-f20b-47ab-bb2e-109d8da92bcc,Supernatural,b061e15e-b823-4349-8144-d3bc0e67ba72,https://nqhypbfhiqbriyiqxmml.supabase.co/storage/v1/object/public/covers/newjeans/newjeans7.jpg,2025-05-12 17:32:56.3304
83fd25ca-2319-439e-b0d0-caa5361f49fa,TheSoundYouNeed,5c5c5c8b-2b70-4695-87ff-ccbd8f4849db,https://nqhypbfhiqbriyiqxmml.supabase.co/storage/v1/object/public/covers/fkj/fkj4.jpg,2025-05-19 17:47:17.848304
8b25fa1e-f527-41ae-8072-56d7480bea40,BUBBA,101ce277-d1bb-4a9c-86d4-909352c7e449,https://nqhypbfhiqbriyiqxmml.supabase.co/storage/v1/object/public/covers/kaytranada/kaytras4.jpg,2025-05-15 19:29:36.083896
8e703cf0-27a1-46b7-a01a-05edce3d18db,Black Panther The Album Music,968599f9-7b9f-4204-9fac-9ddfecb047fc,https://nqhypbfhiqbriyiqxmml.supabase.co/storage/v1/object/public/covers/kendricklamar/kendrickl2.jpg,2025-05-19 17:47:17.848304
923fc2b2-1954-4e2e-8967-5acdab75cc27,CASE STUDY 01,20f0ae19-ccf5-4d22-b2a6-50e2a0898af6,https://nqhypbfhiqbriyiqxmml.supabase.co/storage/v1/object/public/covers/danielcaesar/danielc6.jpg,2025-05-12 20:32:28.824087
93e2c4ea-0a89-4d65-b022-37409ed7f1d2,Believe,5e177053-f8df-4437-a841-228b5c076327,https://nqhypbfhiqbriyiqxmml.supabase.co/storage/v1/object/public/covers/justinbieber/justinb5.jpg,2025-05-19 17:47:17.848304
97e251a0-1747-4583-8caa-65961b10eacc,Glue Song,214bcc60-fcd3-4cb3-91db-fa24e335d406,https://nqhypbfhiqbriyiqxmml.supabase.co/storage/v1/object/public/covers/beabadoobee/badobe4.jpg,2025-05-19 17:47:17.848304
98bec60d-db7d-4203-9b61-17187e813f08,Goblin,8df54e85-c786-48b3-b6ce-d8a8fb5762e3,https://nqhypbfhiqbriyiqxmml.supabase.co/storage/v1/object/public/covers/tylerthecreator/tylertc4.jpg,2025-05-12 20:01:10.311435
9c75060c-ce0e-44ba-acd4-e56813f71d0a,Flower Boy,8df54e85-c786-48b3-b6ce-d8a8fb5762e3,https://nqhypbfhiqbriyiqxmml.supabase.co/storage/v1/object/public/covers/tylerthecreator/tylertc2.jpg,2025-05-12 20:01:10.311435
a0563326-0988-42cf-af60-dd867b979646,She Plays Bass,214bcc60-fcd3-4cb3-91db-fa24e335d406,https://nqhypbfhiqbriyiqxmml.supabase.co/storage/v1/object/public/covers/beabadoobee/badobe6.jpg,2025-05-19 17:47:17.848304
a0dd7017-ec0b-4928-a885-6aef91dee7ee,Sweetener,64f2ea07-12ef-4391-8452-4fa9f0cd52f8,https://nqhypbfhiqbriyiqxmml.supabase.co/storage/v1/object/public/covers/arianagrande/arig7.jpg,2025-05-19 17:47:17.848304
a4d68f42-f1ee-490e-bbbc-d76daa7b11fa,SOS Deluxe: LANA,77a0626c-c1fa-4fc1-85fe-169cde4debc5,https://nqhypbfhiqbriyiqxmml.supabase.co/storage/v1/object/public/covers/sza/sza4.jpg,2025-05-15 19:52:09.022241
a7de9041-050b-4ebe-a51c-f017706bb787,0.1 flaws and all.,ee4900ff-7f4a-422b-8d75-4ab1db483b16,https://nqhypbfhiqbriyiqxmml.supabase.co/storage/v1/object/public/covers/wavetoearth/wte2.jpg,2025-05-19 17:47:17.848304
a7fd676a-f8f1-4154-8b50-16a69519dc77,OHMAMI,d4eda531-97f8-4371-b897-1f1f7ce8e8c2,https://nqhypbfhiqbriyiqxmml.supabase.co/storage/v1/object/public/covers/chaseatlantic/chasea3.jpg,2025-05-19 17:47:17.848304
b03666fd-a507-4e7d-b8cf-944377120613,Gemini Rights,b0408f9d-18cf-408c-a0fe-35738ed7106f,https://nqhypbfhiqbriyiqxmml.supabase.co/storage/v1/object/public/covers/stevelacy/stevel3.jpg,2025-05-15 19:36:05.613903
b2d48df5-eef9-41a7-8efe-96d154ff0590,Analogue,dbe651ac-9b40-4447-a25b-aa2f883f6530,https://nqhypbfhiqbriyiqxmml.supabase.co/storage/v1/object/public/covers/odie/odie2.jpg,2025-05-15 17:52:20.633056
b386ec91-0060-4f46-9a2c-2b3d723779dd,Take Me Home,7d9f7c77-192e-4582-8348-a5badba8fe90,https://nqhypbfhiqbriyiqxmml.supabase.co/storage/v1/object/public/covers/onedirection/1D.5.jpg,2025-05-19 17:47:17.848304
b45d4a64-3430-4e15-a284-3bdbcaf00404,Blonde,9abceb2d-164e-4ef1-b610-d1e43054a2b9,https://nqhypbfhiqbriyiqxmml.supabase.co/storage/v1/object/public/covers/frankocean/frankocean2.jpg,2025-05-12 19:20:01.902886
bedbed6c-5051-4de5-abf5-8447a0257840,24K Magic,c3b0a101-f7a0-45d0-beb0-84fdc53db36e,https://nqhypbfhiqbriyiqxmml.supabase.co/storage/v1/object/public/covers/brunomars/bruninho5.jpg,2025-05-19 17:47:17.848304
c4277896-3ca8-4b83-938e-bf21d5f8f36e,Juicebox,760110db-e927-4b54-b542-ee05655283cc,https://nqhypbfhiqbriyiqxmml.supabase.co/storage/v1/object/public/covers/macayres/maca3.jpg,2025-05-19 17:47:17.848304
c8e519d6-7f6a-4900-a876-10765107df4c,Fuck The World,78a0a89d-6752-405c-9454-001391126069,https://nqhypbfhiqbriyiqxmml.supabase.co/storage/v1/object/public/covers/brentfaiyaz/brentf2.jpg,2025-05-15 19:44:08.648615
cd3041c8-05fb-4d68-8cac-e28757ddc49f,summer flows 0.02,ee4900ff-7f4a-422b-8d75-4ab1db483b16,https://nqhypbfhiqbriyiqxmml.supabase.co/storage/v1/object/public/covers/wavetoearth/wte3.jpg,2025-05-19 17:47:17.848304
ddf03cbc-8eb3-497d-b9c0-902d385b6b95,Bubble Gum,b061e15e-b823-4349-8144-d3bc0e67ba72,https://nqhypbfhiqbriyiqxmml.supabase.co/storage/v1/object/public/covers/newjeans/newjeans5.jpg,2025-05-12 17:30:33.857256
e21204f6-1f6d-4d32-b973-ed89e04517d1,CALL ME IF YOU GET LOST: The Estate Sale,8df54e85-c786-48b3-b6ce-d8a8fb5762e3,https://nqhypbfhiqbriyiqxmml.supabase.co/storage/v1/object/public/covers/tylerthecreator/tylertc7.jpg,2025-05-12 20:01:10.311435
e4508f03-87b0-4ae7-b446-3cedcd6aacb3,DAMN.,968599f9-7b9f-4204-9fac-9ddfecb047fc,https://nqhypbfhiqbriyiqxmml.supabase.co/storage/v1/object/public/covers/kendricklamar/kendrickl4.jpg,2025-05-19 17:47:17.848304
e6c8e5d5-c6ee-457d-8946-4553b525fe11,Something to Feel,760110db-e927-4b54-b542-ee05655283cc,https://nqhypbfhiqbriyiqxmml.supabase.co/storage/v1/object/public/covers/macayres/maca4.jpg,2025-05-19 17:47:17.848304
eab5c676-a658-4100-ba97-f8c0fd6c9bd8,At What Cost,78a0a89d-6752-405c-9454-001391126069,https://nqhypbfhiqbriyiqxmml.supabase.co/storage/v1/object/public/covers/brentfaiyaz/brentf4.jpg,2025-05-15 19:44:08.648615
f0836be5-65b7-4bce-a66e-560e7449b711,Stuck with U,64f2ea07-12ef-4391-8452-4fa9f0cd52f8,https://nqhypbfhiqbriyiqxmml.supabase.co/storage/v1/object/public/covers/arianagrande/arig2.jpg,2025-05-19 17:47:17.848304
f13ac5ff-0cfd-4515-83bd-981ae4d1e770,WASTELAND,78a0a89d-6752-405c-9454-001391126069,https://nqhypbfhiqbriyiqxmml.supabase.co/storage/v1/object/public/covers/brentfaiyaz/brentf3.jpg,2025-05-15 19:44:08.648615
f28fbec3-0492-44b7-a040-532e3cf9704b,Look Easy,101ce277-d1bb-4a9c-86d4-909352c7e449,https://nqhypbfhiqbriyiqxmml.supabase.co/storage/v1/object/public/covers/kaytranada/kaytras7.jpg,2025-05-15 19:29:36.083896
f68c302d-7163-49ba-9558-d064a342e563,JB X CS,5e177053-f8df-4437-a841-228b5c076327,https://nqhypbfhiqbriyiqxmml.supabase.co/storage/v1/object/public/covers/justinbieber/justinb8.jpg,2025-05-19 17:47:17.848304
fc2b1832-dad9-498d-b755-441c235f11c6,Miss Summer,dbe651ac-9b40-4447-a25b-aa2f883f6530,https://nqhypbfhiqbriyiqxmml.supabase.co/storage/v1/object/public/covers/odie/odie3.jpg,2025-05-15 17:52:20.633056